vin|year|make|model|trim|dealer_name|dealer_street|dealer_city|dealer_state|dealer_zip|listing_price|listing_mileage|used|certified|style|driven_wheels|engine|fuel_type|exterior_color|interior_color|seller_website|first_seen_date|last_seen_date|dealer_vdp_last_seen_date|listing_status
KNAFK4A61F5428652|2015|Kia|FORTE|LX|X Nation Auto Group|6003 Bandera Rd|San Antonio|TX|78238||53960|TRUE|FALSE|4D Sedan|FWD|1.8L||Silver|Gray|https://xnationautogroup.com|2021-11-24|2022-08-17|2022-08-17|
3GTP1NEJ7HG400459|2017|GMC|Sierra 1500|1500 SLT|X Nation Auto Group|6003 Bandera Rd|San Antonio|TX|78238|32999|99697|TRUE|FALSE|1500 SLT|4X2|6.2L V8||White|N/a|https://xnationautogroup.com|2022-08-04|2022-08-17|2022-08-17|
1B7HF13Z1XJ596452|1999|Dodge|Ram Pickup 1500|Laramie SLT|Clear Choice Automotive|3815 SE Naef Rd|Milwaukie|OR|97267|6495|171168|TRUE|FALSE|4dr Laramie SLT 4WD Extended Cab LB|4WD|5.9L V8|Gasoline|Silver|Gray|https://www.clearchoiceautomotive.com|2022-05-10|2022-08-17|2022-05-11|
JTEGD21A720036451|2002|Toyota|Highlander|4DR 2WD AT|Max Auto Sales|4895 Johnston St|Lafayette|LA|70503|||TRUE|FALSE|||||||https://maxautosalesla.com|2022-07-14|2022-08-17|2022-08-17|
1NXBU4EE8AZ361720|2010|Toyota|Corolla||Max Auto Sales|4895 Johnston St|Lafayette|LA|70503|||TRUE|FALSE|||||||https://maxautosalesla.com|2022-07-26|2022-08-17|2022-08-17|
JM1DKDB74M1500563|2021|Mazda|CX-3|Sport|Manny G Motors|3518 Nogalitos St|San Antonio|TX|78211|24999|15854|TRUE|FALSE|Sport 4dr Crossover|FWD|2.0L I4||Gray|N/a|https://mannygmotorssa.com|2022-07-09|2022-08-14||
1FMSK7DH3NGC18195|2022|Ford|Explorer XLT SUV||Weber Motor Company|1402 E Broadway St|Cuero|TX|77954|45945||FALSE|FALSE|||||||https://www.webermotorcompany.com|2022-08-17|2022-08-17|2022-08-17|in_transit
3GKEC16Z24G146379|2004|GMC|Yukon XL|SLE|Max Auto Sales|4895 Johnston St|Lafayette|LA|70503|||TRUE|FALSE|||||||https://maxautosalesla.com|2022-07-14|2022-08-17|2022-08-17|
WAUKF78P99A015926|2009|Audi|A3|2.0T quattro S line|Clear Choice Automotive|3815 SE Naef Rd|Milwaukie|OR|97267|10990|100321|TRUE|FALSE|AWD 2.0T Quattro S line 4dr Wagon 6A|AWD|2.0L I4 Turbocharger|Gasoline|Charcoal|Black|https://www.clearchoiceautomotive.com|2022-03-30|2022-08-17|2022-04-17|
1C4BJWEGXEL210903|2014|Jeep|Wrangler Unlimited|Sahara 4WD|Max Auto Sales|5811 El Cajon Blvd|San Diego|CA|92115|22995|142650|TRUE|FALSE|suv|Four-Wheel Drive|285 hp 3.6L V6|Gasoline|White|Black|https://www.maxautosales.info|2022-02-26|2022-08-16|2022-05-19|
1GKKRRKD6GJ177728|2016|GMC|Acadia|SLT-1|X Nation Auto Group|6003 Bandera Rd|San Antonio|TX|78238||130509|TRUE|FALSE||FWD|3.6L||Black||https://xnationautogroup.com|2022-04-09|2022-08-17|2022-08-17|
WBAFR7C59DC824306|2013|BMW|5 Series|535i|Clear Choice Automotive|3815 SE Naef Rd|Milwaukie|OR|97267|16995|106644|TRUE|FALSE|535i 4dr Sedan|rwd|3.0L I6 Turbocharger|Gasoline|Silver|Black|https://www.clearchoiceautomotive.com|2022-06-14|2022-08-17|2022-06-15|
JN8AF5MR9BT006944|2011|Nissan|JUKE|SV|Max Auto Sales|4895 Johnston St|Lafayette|LA|70503|10995|161635|TRUE|FALSE|crossover|Front-Wheel Drive|188 hp 1.6L I4|Gasoline|White Pearl|Gray Premium Cloth|https://maxautosalesla.com|2021-11-10|2022-08-17|2022-08-17|
JF2SJAEC9EH556607|2014|Subaru|Forester 2.5i Premium|2.5i Premium|Clear Choice Automotive|3803 San Pedro Ave|San Antonio|TX|78212|12995|140627|TRUE|FALSE|crossover|All-Wheel Drive|170 hp 2.5L H4|Gasoline|Blue|Gray|https://clearchoiceautosales.net|2022-08-10|2022-08-17|2022-08-17|
JN8AS5MTXAW501349|2010|Nissan|Rogue|SL|Max Auto Sales|4895 Johnston St|Lafayette|LA|70503|||TRUE|FALSE|||||||https://maxautosalesla.com|2022-07-29|2022-08-17|2022-08-17|
1GYFK63877R235729|2007|Cadillac|Escalade|LUXURY|X Nation Auto Group|6003 Bandera Rd|San Antonio|TX|78238||165115|TRUE|FALSE||AWD|6.2L||Black||https://xnationautogroup.com|2022-05-25|2022-08-17|2022-08-17|
KNDMG4C72E6584953|2014|Kia|Sedona|LX|Max Auto Sales|4895 Johnston St|Lafayette|LA|70503||140884|TRUE|FALSE|LX 4dr Mini-Van LWB|FWD|3.5L V6|Gasoline|Glacier Blue|Gray|https://maxautosalesla.com|2022-04-19|2022-08-17|2022-08-17|
JM1GL1U56H1126211|2017|Mazda|Mazda6|Sport|Max Auto Sales|4895 Johnston St|Lafayette|LA|70503||129397|TRUE|FALSE|||||Sonic Silver Metallic|Black|https://maxautosalesla.com|2022-07-26|2022-08-17|2022-08-17|
1FT7W2BT3KED51698|2019|Ford|F-250|Lariat w/ Lariat Ultimate Package|Clear Choice Automotive|3803 San Pedro Ave|San Antonio|TX|78212|61995|83600|TRUE|FALSE|Pickup Truck|AWD4WD|6.7L V8 32V DDI OHV Turbo Diesel|Biodiesel|Oxford White Exterior|Black|https://clearchoiceautosales.net|2022-07-22|2022-08-17|2022-08-17|
4T1BE46K79U309380|2009|Toyota|Camry|4DR SDN I4 AT|Max Auto Sales|4895 Johnston St|Lafayette|LA|70503|||TRUE|FALSE|||||Silver||https://maxautosalesla.com|2022-07-14|2022-08-17|2022-08-17|
3C6TR5MT2EG261080|2014|Ram|Ram Pickup 2500|SLT|Manny G Motors|3518 Nogalitos St|San Antonio|TX|78211|27999|178541|TRUE|FALSE|4x4 SLT 4dr Mega Cab 6.3 ft. SB Pickup|4X4|5.7L V8||White|N/a|https://mannygmotorssa.com|2022-04-30|2022-08-14||
5NPDH4AE5DH318023|2013|Hyundai|Elantra|GLS|Max Auto Sales|4895 Johnston St|Lafayette|LA|70503||141488|TRUE|FALSE|GLS 4dr Sedan (1.8L 4cyl 6A)|front wheel drive|1.8L I4|Gasoline|Indigo Night|Gray Cloth|https://maxautosalesla.com|2022-04-19|2022-08-17|2022-08-17|
JN8CS1MU4GM670622|2016|Infiniti|QX70||X Nation Auto Group|6003 Bandera Rd|San Antonio|TX|78238||130752|TRUE|FALSE|||||||https://xnationautogroup.com|2022-08-10|2022-08-17|2022-08-17|
5NPEB4AC4DH631990|2013|Hyundai|Sonata|GLS|Max Auto Sales|4895 Johnston St|Lafayette|LA|70503|12495|112654|TRUE|FALSE|Sedan|Front-Wheel Drive|198 hp 2.4L I4|Gasoline|Radiant Silver|Gray|https://maxautosalesla.com|2022-06-05|2022-08-17|2022-08-17|
5N1ED28Y72C524825|2002|Nissan|Xterra|XE-V6|Clear Choice Automotive|3815 SE Naef Rd|Milwaukie|OR|97267|5990|196655|TRUE|FALSE|XE-V6 4WD 4dr SUV|4WD|3.3L V6|Gasoline|Charcoal|Gray|https://www.clearchoiceautomotive.com|2022-04-16|2022-08-17|2022-04-18|
JTDFR320430061239|2003|Toyota|MR2 Spyder|[Unspecified]|Clear Choice Automotive|3815 SE Naef Rd|Milwaukie|OR|97267|12995|104837|TRUE|FALSE|2dr Convertible|RWD|1.8L I4|Gasoline|Green|Gray|https://www.clearchoiceautomotive.com|2022-07-11|2022-08-17||
1FMJK1HT0NEA35999|2022|Ford|Expedition Max XLT MAX SUV|XLT MAX|Weber Motor Company|1402 E Broadway St|Cuero|TX|77954|69155||FALSE|FALSE|suv|4X2|3.5L EcoBoost V6 Engine with Auto Start-Stop Technology|Gasoline|Rapid Red Metallic Tinted Clearcoat|Activex - Black Onyx|https://www.webermotorcompany.com|2022-08-12|2022-08-17|2022-08-17|
5FNYF3H29DB006993|2013|Honda|Pilot|LX|Max Auto Sales|4895 Johnston St|Lafayette|LA|70503|14995|161350|TRUE|FALSE|crossover|Front-Wheel Drive|250 hp 3.5L V6|Gasoline|Silver||https://maxautosalesla.com|2022-04-14|2022-08-17|2022-08-17|
JHLRD78462C078900|2002|Honda|CR-V|LX AWD|Clear Choice Automotive|3815 SE Naef Rd|Milwaukie|OR|97267|4995|201635|TRUE|FALSE|crossover|All-Wheel Drive|160 hp 2.4L I4|Gasoline|Gray|Beige|https://www.clearchoiceautomotive.com|2022-07-03|2022-08-14||
JF2SH6DC6AH709058|2010|Subaru|Forester|2.5 X Limited|Clear Choice Automotive|3815 SE Naef Rd|Milwaukie|OR|97267|7995|189144|TRUE|FALSE|crossover|All-Wheel Drive|170 hp 2.5L H4|Gasoline|Silver|Gray|https://www.clearchoiceautomotive.com|2022-06-26|2022-08-14||
1FT8W3BT7KEC97977|2019|Ford|F-350 Lariat Super Duty Crew Cab Truck|Lariat Crew Cab 4WD|Caraway Ford Gonzales|1405 E Sarah Dewitt Dr|Gonzales|TX|78629|59950|94322|TRUE|FALSE|pickup_truck|Four-Wheel Drive|450 hp 6.7L V8 Biodiesel|Biodiesel|Red|Tan|https://www.carawayfordgonzales.com|2022-07-01|2022-08-14|2022-08-14|
ML32F3FJ9KHF09152|2019|Mitsubishi|Mirage G4|ES FWD|Manny G Motors|3518 Nogalitos St|San Antonio|TX|78211|17599|13083|TRUE|FALSE|Sedan|Front-Wheel Drive|78 hp 1.2L I3|Gasoline|Blue|N/a|https://mannygmotorssa.com|2021-08-01|2022-08-17|2021-12-06|
4T1G11AK0NU623289|2022|Toyota|Camry SE Nightshade Sedan|I-4 Cylinder|Weber Motor Company|1402 E Broadway St|Cuero|TX|77954|33995|12584|TRUE|FALSE|SE Nightshade Edition 4dr Sedan (2.5L 4cyl 8A)|front wheel drive|gas|Gasoline|Super White|Black Leatherette/cloth|https://www.webermotorcompany.com|2022-08-06|2022-08-17|2022-08-17|
1FT7W2BT9KED93177|2019|Ford|F-250|Lariat w/ Lariat Ultimate Package|Clear Choice Automotive|3803 San Pedro Ave|San Antonio|TX|78212|59999|91379|TRUE|FALSE|Pickup Truck|AWD4WD|6.7L V8 32V DDI OHV Turbo Diesel|Biodiesel|Magma Red Metallic Exterior|Black|https://clearchoiceautosales.net|2022-06-13|2022-08-17|2022-08-17|
2C3CDXBG7LH121858|2020|Dodge|Charger SXT|SXT RWD|Clear Choice Automotive|3803 San Pedro Ave|San Antonio|TX|78212|28996|56727|TRUE|FALSE|Sedan|Rear-Wheel Drive|292 hp 3.6L V6|Gasoline|Red|Black|https://clearchoiceautosales.net|2022-05-31|2022-08-17|2022-08-17|
KL2TD66E49B642748|2009|Pontiac|G3|[Unspecified]|Max Auto Sales|423 N Broadway|Santa Maria|CA|93454|8499|57043|TRUE|FALSE|4dr Hatchback|FWD|1.6L I4||Silver|Black|https://maxautosm.com|2022-07-10|2022-08-15||
2GCEC13JX71533575|2007|Chevrolet|Silverado 1500|LT2|Max Auto Sales|4895 Johnston St|Lafayette|LA|70503|14995||TRUE|FALSE|LT2 4dr Crew Cab 5.8 ft. SB (5.3L 8cyl 4A)|rear wheel drive|gas|Gasoline|Silver Birch Metallic|Light Titanium/ebony Premium Cloth|https://maxautosalesla.com|2022-04-30|2022-08-17|2022-08-17|
JTDZN3EU3C3161046|2012|Toyota|Prius V|Five FWD|Clear Choice Automotive|3815 SE Naef Rd|Milwaukie|OR|97267|22995|175320|TRUE|FALSE|Wagon|fwd|134 hp 1.8L I4 Hybrid|Hybrid|White|Black|https://www.clearchoiceautomotive.com|2022-06-01|2022-08-18|2022-06-03|
WAUCGAFR1EA012726|2014|Audi|S5 Premium Plus|3.0T quattro Premium Plus Coupe AWD|Clear Choice Automotive|3803 San Pedro Ave|San Antonio|TX|78212|22996|114887|TRUE|FALSE|Coupe|All-Wheel Drive|333 hp 3L V6|Gasoline|Silver|Black|https://clearchoiceautosales.net|2022-06-02|2022-08-17|2022-08-17|
5NPEC4AC0DH629103|2013|Hyundai|Sonata|Limited|Max Auto Sales|4895 Johnston St|Lafayette|LA|70503|14995|101653|TRUE|FALSE|Sedan|Front-Wheel Drive|198 hp 2.4L I4|Gasoline|Midnight Black|Gray Leather|https://maxautosalesla.com|2022-03-23|2022-08-17|2022-08-17|
KM8SN4HF7EU058158|2014|Hyundai|Santa Fe|GLS|Max Auto Sales|4895 Johnston St|Lafayette|LA|70503|15995|117931|TRUE|FALSE|GLS 4dr SUV (3.3L 6cyl 6A)|front wheel drive|gas|Gasoline|Iron Frost|Gray Cloth|https://maxautosalesla.com|2022-05-15|2022-08-17|2022-08-17|
JF1SG65613H769722|2003|Subaru|Forester|XS|Clear Choice Automotive|3815 SE Naef Rd|Milwaukie|OR|97267|7995|128106|TRUE|FALSE|crossover|All-Wheel Drive|165 hp 2.5L H4|Gasoline|Blue|Gray|https://www.clearchoiceautomotive.com|2022-06-08|2022-08-16|2022-06-09|
JTDKN3DU9C1570182|2012|Toyota|Prius|Three|Clear Choice Automotive|3815 SE Naef Rd|Milwaukie|OR|97267|7995|218873|TRUE|FALSE|Hatchback|fwd|134 hp 1.8L I4 Hybrid|Hybrid|Blue|Beige|https://www.clearchoiceautomotive.com|2022-06-16|2022-08-17|2022-06-17|
5TDDK3EH0BS090763|2011|Toyota|Highlander|Limited|Clear Choice Automotive|3815 SE Naef Rd|Milwaukie|OR|97267|11995|221157|TRUE|FALSE|AWD Limited 4dr SUV|AWD|3.5L V6|Gasoline|Gray|Gray|https://www.clearchoiceautomotive.com|2022-06-02|2022-08-16|2022-06-04|
1GC4YNE78MF312891|2021|Chevrolet|Silverado 2500 HD LT Truck Crew Cab|V-8 Cylinder|Weber Motor Company|1402 E Broadway St|Cuero|TX|77954|60995|26472|TRUE|FALSE|LT 4dr Crew Cab 4WD SB (6.6L 8cyl 6A)|four wheel drive|gas|Gasoline|Black|Jet Black Cloth|https://www.webermotorcompany.com|2022-08-06|2022-08-17|2022-08-17|
5XYZT3LB1GG350237|2016|Hyundai|Santa Fe Sport|4DR FWD 2.4|Max Auto Sales|4895 Johnston St|Lafayette|LA|70503||123492|TRUE|FALSE|SUV|Front-wheel|I-4 Cylinders|Gasoline|Sparkling Silver|Gray|https://maxautosalesla.com|2022-06-28|2022-08-17|2022-08-17|
5TEHN72N73Z163321|2003|Toyota|Tacoma Double CAB|V6|Clear Choice Automotive|3815 SE Naef Rd|Milwaukie|OR|97267|17995|160942|TRUE|FALSE|4dr Double Cab V6 4WD SB|4wd|3.4L V6|Gasoline|Green|Gray|https://www.clearchoiceautomotive.com|2022-07-12|2022-08-17||
3N1BC13E27L357869|2007|Nissan|Versa|1.8 S|Max Auto Sales|423 N Broadway|Santa Maria|CA|93454|6499|146714|TRUE|FALSE|1.8 S 4dr Hatchback (1.8L I4 4A)|FWD|1.8L I4||Silver|Black|https://maxautosm.com|2022-07-10|2022-08-14||
1FM5K8D87HGA63867|2017|Ford|Explorer|XLT|Manny G Motors|3518 Nogalitos St|San Antonio|TX|78211|28999|75540|TRUE|FALSE|AWD XLT 4dr SUV|AWD|3.5L V6||White|N/a|https://mannygmotorssa.com|2022-04-07|2022-08-14||
JM1BL1SF3A1204326|2010|Mazda|Mazda3|i Touring|Max Auto Sales|4895 Johnston St|Lafayette|LA|70503||113556|TRUE|FALSE|||||Gunmetal Blue Mica|Black|https://maxautosalesla.com|2022-07-21|2022-08-17|2022-08-17|
JTEZU14R878090404|2007|Toyota|4Runner|[Unspecified]|Max Auto Sales|4895 Johnston St|Lafayette|LA|70503||4|TRUE|FALSE|suv|RWD|4.0L V6|Gasoline|Gray|N/a|https://maxautosalesla.com|2022-06-01|2022-08-17|2022-08-17|
1FA6P8CF0N5131143|2022|Ford|Mustang GT Premium Fastback Coupe|Ti-VCT V8 Engine|Weber Motor Company|1402 E Broadway St|Cuero|TX|77954|49750||FALSE|FALSE|||||||https://www.webermotorcompany.com|2022-08-17|2022-08-17|2022-08-17|in_transit
1FTEW1EG1GKF81443|2016|Ford|F-150 Crew Cab|4x4 SuperCrew|Caraway Ford Gonzales|1405 E Sarah Dewitt Dr|Gonzales|TX|78629|28950|147851|TRUE|FALSE|pickup_truck|AWD4WD|3.5L V6|Gasoline|White|Java|https://www.carawayfordgonzales.com|2022-03-02|2022-08-17|2022-08-17|
5TBRT38142S236110|2002|Toyota|Tundra|Limited V8|Clear Choice Automotive|3815 SE Naef Rd|Milwaukie|OR|97267|9995|177665|TRUE|FALSE|4dr Access Cab Limited 2WD SB V8|RWD|4.7L V8|Gasoline|Silver|Gray|https://www.clearchoiceautomotive.com|2022-06-16|2022-08-17|2022-06-17|
4T1BF1FK2EU811929|2014|Toyota|Camry|SE|Manny G Motors|3518 Nogalitos St|San Antonio|TX|78211|16999|137719|TRUE|FALSE|SE 4dr Sedan|FWD|2.5L I4||Red|N/a|https://mannygmotorssa.com|2022-04-04|2022-08-15||
1C6RR6FTXJS317959|2018|Ram|1500|ST|X Nation Auto Group|6003 Bandera Rd|San Antonio|TX|78238||70239|TRUE|FALSE|||||||https://xnationautogroup.com|2022-08-11|2022-08-17|2022-08-17|
1G1YY36U775106099|2007|Chevrolet|Corvette Base|Convertible RWD|Clear Choice Automotive|3803 San Pedro Ave|San Antonio|TX|78212|25499|77914|TRUE|FALSE|Convertible|Rear-Wheel Drive|6.0L V8 16V MPFI OHV|Gasoline|Le Mans Blue Metallic|Tan|https://clearchoiceautosales.net|2022-07-11|2022-08-16|2022-08-15|
1FMJK1JT0HEA69407|2017|Ford|Expedition XLT 4WD|EL XLT 4WD|Clear Choice Automotive|3803 San Pedro Ave|San Antonio|TX|78212|25499|113494|TRUE|FALSE|suv|Four-Wheel Drive|365 hp 3.5L V6|Gasoline|Black|Black|https://clearchoiceautosales.net|2022-07-07|2022-08-17|2022-08-17|
ZACCJABB1JPJ15536|2018|Jeep|Renegade Altitude SUV|I4 16V MPFI SOHC|Caraway Ford Gonzales|1405 E Sarah Dewitt Dr|Gonzales|TX|78629|19950|37990|TRUE|FALSE|SUV|FWD|I4 16V MPFI SOHC|Flex Fuel Vehicle|White Exterior|Black|https://www.carawayfordgonzales.com|2022-01-25|2022-08-14|2022-08-14|
5UXFA53543LV82469|2003|BMW|X5|3.0I|X Nation Auto Group|6003 Bandera Rd|San Antonio|TX|78238||61429|TRUE|FALSE||AWD|3.0L||Gray||https://xnationautogroup.com|2022-05-25|2022-08-17|2022-08-17|
5NPE24AFXFH077531|2015|Hyundai|Sonata|2.4L SE|Max Auto Sales|4895 Johnston St|Lafayette|LA|70503|15995|105495|TRUE|FALSE|SE 4dr Sedan (2.4L 4cyl 6A)|front wheel drive|gas|Gasoline|Symphony Silver|Gray Premium Cloth|https://maxautosalesla.com|2022-04-09|2022-08-17|2022-08-17|
1C6RR6KT6FS735769|2015|Ram|1500|ST|X Nation Auto Group|6003 Bandera Rd|San Antonio|TX|78238||87512|TRUE|FALSE|Pickup Truck|Rear-wheel Drive|5.7L V8 16V MPFI OHV|Gasoline|Black|Black|https://xnationautogroup.com|2022-07-29|2022-08-17|2022-08-17|
1FT8X3CT0NEE83327|2022|Ford|F-350 F-350 XL Truck|F-350 XL|Weber Motor Company|1402 E Broadway St|Cuero|TX|77954|59070|0|FALSE|FALSE|pickup_truck|4X2|6.7L Power Stroke® V8 Turbo Diesel Engine|Biodiesel|Oxford White|Heavy Duty Vinyl - Medium Earth Gray|https://www.webermotorcompany.com|2022-08-09|2022-08-17|2022-08-17|
1FTMF1C57NKE78862|2022|Ford|F-150 XL Truck|XL|Weber Motor Company|1402 E Broadway St|Cuero|TX|77954|39390|0|FALSE|FALSE|pickup_truck|4x2|5.0L V8 with Auto Start-Stop Technology and Flex-Fuel Capability Engine|Flex Fuel Vehicle|Oxford White|Cloth - Medium Dark Slate|https://www.webermotorcompany.com|2022-08-11|2022-08-17|2022-08-17|in_transit
2G1WC5E33G1127737|2016|Chevrolet|Impala Limited|LTZ|Max Auto Sales|4895 Johnston St|Lafayette|LA|70503|16995|101462|TRUE|FALSE|Sedan|Front-Wheel Drive|300 hp 3.6L V6 Flex Fuel Vehicle|Flex Fuel Vehicle|Black|Ebony Leather|https://maxautosalesla.com|2022-06-10|2022-08-17|2022-08-17|
19XFC2F51HE053809|2017|Honda|Civic Sedan|LX|X Nation Auto Group|6003 Bandera Rd|San Antonio|TX|78238||79816|TRUE|FALSE|||||||https://xnationautogroup.com|2022-08-11|2022-08-17|2022-08-17|
1GKS1BKC5HR186798|2017|GMC|Yukon SLT SUV|V-8 Cylinder|Weber Motor Company|1402 E Broadway St|Cuero|TX|77954|35995|79972|TRUE|FALSE|SLT 4dr SUV (5.3L 8cyl 6A)|rear wheel drive|flex-fuel (FFV)|Flex Fuel Vehicle|Onyx Black|Jet Black Leather|https://www.webermotorcompany.com|2022-08-10|2022-08-17|2022-08-17|
1FM5K7B91DGC95736|2013|Ford|Explorer|Base|Max Auto Sales|4895 Johnston St|Lafayette|LA|70503|15995|128035|TRUE|FALSE|4dr SUV (2.0L 4cyl Turbo 6A)|front wheel drive|gas|Gasoline|Oxford White Clearcoat|N/a|https://maxautosalesla.com|2021-12-17|2022-08-17|2022-08-17|
WDDGF54X09R065687|2009|Mercedes-Benz|C-Class|C 300 Sport|Clear Choice Automotive|3815 SE Naef Rd|Milwaukie|OR|97267|9995|128122|TRUE|FALSE|C 300 Sport 4dr Sedan|rwd|3.0L V6|Gasoline|White|Gray|https://www.clearchoiceautomotive.com|2022-07-06|2022-08-17||
KM8JM12B09U987715|2009|Hyundai|Tucson|GLS|Max Auto Sales|4895 Johnston St|Lafayette|LA|70503|||TRUE|FALSE|||||||https://maxautosalesla.com|2022-07-21|2022-08-17|2022-08-17|
3FMCR9B68NRD91376|2022|Ford|Bronco Sport Big Bend SUV|Big Bend®|Weber Motor Company|1402 E Broadway St|Cuero|TX|77954|33500||FALSE|FALSE|SUV|4x4|1.5L EcoBoost® with Auto Start-Stop Technology|Gasoline|Cactus Gray|Unique Cloth With Easy Clean Material - Medium Dark Slate|https://www.webermotorcompany.com|2022-08-06|2022-08-17|2022-08-17|in_transit
WP0AC2A74FL070482|2015|Porsche|Panamera Turbo S|Turbo S|Clear Choice Automotive|3803 San Pedro Ave|San Antonio|TX|78212|83996|39090|TRUE|FALSE|Sedan|All-Wheel Drive|4.8L V8 32V GDI DOHC Twin Turbo|Gasoline|Black|Black|https://clearchoiceautosales.net|2022-07-12|2022-08-17|2022-08-17|
1LNHL9FT9EG604771|2014|Lincoln|MKS|EcoBoost|Max Auto Sales|4895 Johnston St|Lafayette|LA|70503|17995|116314|TRUE|FALSE|4dr Sedan AWD w/EcoBoost (3.5L 6cyl Turbo 6A)|all wheel drive|gas|Gasoline|Tuxedo Black Metallic|Charcoal Black Premium Leather|https://maxautosalesla.com|2021-12-17|2022-08-17|2022-08-17|
1GCSCREA5AZ142251|2010|Chevrolet|Silverado 1500|LS|Max Auto Sales|4895 Johnston St|Lafayette|LA|70503||4|TRUE|FALSE|||||||https://maxautosalesla.com|2022-06-15|2022-08-17|2022-08-17|
1ZVHT82H785195652|2008|Ford|Mustang GT PREMIUM MACH 1|GT Premium|Clear Choice Automotive|3803 San Pedro Ave|San Antonio|TX|78212|25999|18856|TRUE|FALSE|Coupe|Rear-wheel Drive|4.6L V8 24V MPFI SOHC|Gasoline|Black|Black|https://clearchoiceautosales.net|2022-07-23|2022-08-18|2022-08-17|
2C3CCAGG3GH225049|2016|Chrysler|300|S|X Nation Auto Group|6003 Bandera Rd|San Antonio|TX|78238||86512|TRUE|FALSE|||||||https://xnationautogroup.com|2022-07-30|2022-08-15|2022-08-15|
WBXHU7C35J5H39946|2018|BMW|X1 sDrive28i|sDrive28i FWD|Clear Choice Automotive|3803 San Pedro Ave|San Antonio|TX|78212|23998|79648|TRUE|FALSE|crossover|Front-Wheel Drive|228 hp 2L I4|Gasoline|White|Black|https://clearchoiceautosales.net|2022-07-02|2022-08-18|2022-08-17|
WBABH8326VEY11998|1997|BMW|3 Series|318i|Clear Choice Automotive|3815 SE Naef Rd|Milwaukie|OR|97267|6495|160720|TRUE|FALSE|318i 2dr Convertible|rwd|1.9L I4|Gasoline|Red|Beige|https://www.clearchoiceautomotive.com|2022-05-06|2022-08-17|2022-05-09|
4T4BE46K29R097770|2009|Toyota|Camry|XLE|Clear Choice Automotive|3815 SE Naef Rd|Milwaukie|OR|97267|6995|183806|TRUE|FALSE|XLE 4dr Sedan 5A|fwd|2.4L I4|Gasoline|White|Gray|https://www.clearchoiceautomotive.com|2022-07-06|2022-08-17||
5TEMU52N36Z154464|2006|Toyota|Tacoma Double CAB|V6|Clear Choice Automotive|3815 SE Naef Rd|Milwaukie|OR|97267|16990|196937|TRUE|FALSE|V6 4dr Double Cab 4WD (4L V6 5A)|4wd|4.0L V6|Gasoline|Red|Gray|https://www.clearchoiceautomotive.com|2022-07-12|2022-08-17||
2G11Z5S33K9118818|2019|Chevrolet|Impala|LT|X Nation Auto Group|6003 Bandera Rd|San Antonio|TX|78238|21999|109483|TRUE|FALSE|4D Sedan|FWD|3.6L|Flex Fuel Vehicle|White|Jet Black/dark Titanium|https://xnationautogroup.com|2022-06-30|2022-08-17|2022-08-17|
1FMZU67K04UB24012|2004|Ford|Explorer Sport Trac|XLT Premium|Max Auto Sales|4895 Johnston St|Lafayette|LA|70503||157964|TRUE|FALSE|XLT Premium RWD 4dr Crew Cab (4.0L 6cyl 5A)|rear wheel drive|flex-fuel (FFV)||Aspen Green Clearcoat Metallic||https://maxautosalesla.com|2022-07-06|2022-08-17|2022-08-17|
1GKS1GKC6FR135188|2015|GMC|Yukon XL|SLE 1500|Manny G Motors|3518 Nogalitos St|San Antonio|TX|78211|29000|146386|TRUE|FALSE|4x2 SLE 1500 4dr SUV|4X2|5.3L V8||Silver|N/a|https://mannygmotorssa.com|2022-04-18|2022-08-14||
3N63M0ZN5FK734874|2015|Chevrolet|City Express Cargo Van|LT|X Nation Auto Group|6003 Bandera Rd|San Antonio|TX|78238||119152|TRUE|FALSE||FWD|2.0L||White||https://xnationautogroup.com|2022-05-15|2022-08-17|2022-08-17|
4T1BD1EB4DU008450|2013|Toyota|Avalon Hybrid|XLE Premium|Max Auto Sales|4895 Johnston St|Lafayette|LA|70503|||TRUE|FALSE|||||||https://maxautosalesla.com|2022-08-12|2022-08-17|2022-08-17|
4T1BE30K72U513069|2002|Toyota|Camry|LE|Max Auto Sales|4895 Johnston St|Lafayette|LA|70503||182838|TRUE|FALSE|Sedan|FWD|4||Blue|Dark Charcoal|https://maxautosalesla.com|2022-06-18|2022-08-17|2022-08-17|
W1Y4EBHY5MT057156|2021|Mercedes-Benz|Sprinter Cargo|2500 144 High Roof RWD|Max Auto Sales|5811 El Cajon Blvd|San Diego|CA|92115|64995|7925|TRUE|FALSE|van|4X2|BlueTEC 3.0L Diesel Turbo V6 188hp 325ft. lbs.||Gray|Black|https://www.maxautosales.info|2022-06-15|2022-08-17|2022-06-16|
3FAHP0JG7AR288486|2010|Ford|Fusion|SEL|Max Auto Sales|4895 Johnston St|Lafayette|LA|70503|||TRUE|FALSE|||||||https://maxautosalesla.com|2022-08-12|2022-08-17|2022-08-17|
WMWSU3C57BT093457|2011|MINI|Hardtop|Base Hatchback|Clear Choice Automotive|3815 SE Naef Rd|Milwaukie|OR|97267|6995|145146|TRUE|FALSE|Hatchback|fwd|121 hp 1.6L I4|Gasoline|Red|Black|https://www.clearchoiceautomotive.com|2022-07-18|2022-08-14||
JTMBD33V276036933|2007|Toyota|RAV4|4DR 4WD 4CYL|Max Auto Sales|4895 Johnston St|Lafayette|LA|70503|||TRUE|FALSE|||||||https://maxautosalesla.com|2022-08-12|2022-08-17|2022-08-17|
WMWMF73578TV32546|2008|MINI|Cooper|S|Clear Choice Automotive|3815 SE Naef Rd|Milwaukie|OR|97267|6995|123277|TRUE|FALSE|S 2dr Hatchback|fwd|1.6L I4 Turbocharger|Gasoline|Charcoal|Black|https://www.clearchoiceautomotive.com|2022-06-28|2022-08-17||
KNDJA7232Y5662436|2000|Kia|Sportage|EX|Clear Choice Automotive|3815 SE Naef Rd|Milwaukie|OR|97267|4995|118752|TRUE|FALSE|4dr EX 4WD SUV|4wd|2.0L I4|Gasoline|Green|Black|https://www.clearchoiceautomotive.com|2022-06-28|2022-08-18||
JM1BL1K6XB1357822|2011|Mazda|MAZDA3|s Sport Hatchback|Max Auto Sales|5811 El Cajon Blvd|San Diego|CA|92115|7995|108750|TRUE|FALSE|Hatchback|Front-Wheel Drive|||Black||https://www.maxautosales.info|2022-08-14|2022-08-17||
KMHD74LF2KU852474|2019|Hyundai|Elantra|SE|X Nation Auto Group|6003 Bandera Rd|San Antonio|TX|78238||54967|TRUE|FALSE|||||||https://xnationautogroup.com|2022-08-09|2022-08-17|2022-08-17|
1FTFW1R63DFA10658|2013|Ford|F150 SVT Raptor|SVT Raptor SuperCrew 4WD|Clear Choice Automotive|3803 San Pedro Ave|San Antonio|TX|78212|33993|116393|TRUE|FALSE|pickup_truck|Four-Wheel Drive|411 hp 6.2L V8|Gasoline|Silver|Black|https://clearchoiceautosales.net|2022-06-20|2022-08-18|2022-08-17|
1N6BA1F28GN505394|2016|Nissan|Titan xD|SL|X Nation Auto Group|6003 Bandera Rd|San Antonio|TX|78238|32999|93157|TRUE|FALSE||RWD|||Brown Exterior||https://xnationautogroup.com|2022-08-16|2022-08-17|2022-08-17|
5NPEB4AC1DH699101|2013|Hyundai|Sonata|GLS|Max Auto Sales|4895 Johnston St|Lafayette|LA|70503|14295|71687|TRUE|FALSE|Sedan|Front-Wheel Drive|198 hp 2.4L I4|Gasoline|Pacific Blue Pearl|Camel Cloth|https://maxautosalesla.com|2021-12-17|2022-08-17|2022-08-17|
3VW2A7AU3FM042455|2015|Volkswagen|Golf|TDI SE|Clear Choice Automotive|3815 SE Naef Rd|Milwaukie|OR|97267|13995|154950|TRUE|FALSE|Hatchback|fwd|150 hp 2L I4 Diesel|Diesel|Black|Gray|https://www.clearchoiceautomotive.com|2022-07-19|2022-08-17||
JTEBU5JR3E5156739|2014|Toyota|4Runner|Limited 4WD|Clear Choice Automotive|3815 SE Naef Rd|Milwaukie|OR|97267|24995|185713|TRUE|FALSE|suv|4wd|270 hp 4L V6|Gasoline|Silver|Black|https://www.clearchoiceautomotive.com|2022-03-29|2022-08-17|2022-04-14|
